{
  "name": "angular-dialgauge",
  "version": "0.1.5",
  "homepage": "https://github.com/cdjackson/angular-dialgauge",
  "authors": [
    "Chris Jackson <chris@cd-jackson.com>"
  ],
  "description": "Animated dial gauge for AngularJS",
  "main": "src/angular-dialgauge.js",
  "keywords": [
    "AngularJS",
    "Javascript",
    "directive"
  ],
  "license": "MIT",
  "ignore": [
    "**/.*",
    "node_modules",
    "bower_components",
    "test",
    "tests"
  ],
  "_release": "0.1.5",
  "_resolution": {
    "type": "version",
    "tag": "0.1.5",
    "commit": "5c1199cc059e30482659025a345a20d96444c216"
  },
  "_source": "https://github.com/cdjackson/angular-dialgauge.git",
  "_target": "^0.1.5",
  "_originalSource": "angular-dialgauge",
  "_direct": true
}